"atrophy...1","mfbin...2","Freq...3","atrophy...4","mfbin...5","Freq...6","tot","prop","mf","avg_age","prop_age_adj","background_prop","adj_prop1","adj_prop2","adj_prop3","background_prop_age","adj_prop1_age","adj_prop2_age","sequela"
1,0,190,0,0,3177,3367,0.0564300564300564,0,17.3647163647164,0.00324969640994065,0.0864381520119225,-0.0300080955818661,1e-11,0.00487770979574258,0.00361799014409581,-0.000368293734155165,1e-11,"atrophy"
1,1,335,0,1,1537,1872,0.178952991452991,5,31.1650641025641,0.00574210246653297,0.0864381520119225,0.0925148394410689,0.0925148394410689,0.0154683658782019,0.00361799014409581,0.00212411232243716,0.00212411232243716,"atrophy"
1,2,242,0,2,918,1160,0.208620689655172,30,34.1870689655172,0.00610232745795194,0.0864381520119225,0.12218253764325,0.12218253764325,0.0180327868852459,0.00361799014409581,0.00248433731385612,0.00248433731385612,"atrophy"
1,3,42,0,3,151,193,0.217616580310881,75,35.1450777202073,0.00619195046439628,0.0864381520119225,0.131178428298958,0.131178428298958,0.0188103750492267,0.00361799014409581,0.00257396032030047,0.00257396032030047,"atrophy"
1,4,21,0,4,30,51,0.411764705882353,200,39.3137254901961,0.0104738154613466,0.0864381520119225,0.32532655387043,0.32532655387043,0.0355921802402034,0.00361799014409581,0.00685582531725082,0.00685582531725082,"atrophy"
